<?xml version="1.0" encoding="utf-8"?>
<System>
  <P Name="Location">[-1, -8, 1921, 1033]</P>
  <P Name="Open">on</P>
  <P Name="ZoomFactor">125</P>
  <P Name="ReportName">simulink-default.rpt</P>
  <P Name="SIDHighWatermark">63</P>
  <Block BlockType="SubSystem" Name="ADC_to_kg" SID="46">
    <PortCounts in="1" out="1"/>
    <P Name="Position">[475, 1027, 545, 1073]</P>
    <P Name="ZOrder">100000</P>
    <P Name="Commented">on</P>
    <P Name="LibrarySourceProduct" Ref="bdmxdata:LibrarySourceProduct_46"/>
    <P Name="ErrorFcn">Stateflow.Translate.translate</P>
    <P Name="PermitHierarchicalResolution">ExplicitOnly</P>
    <P Name="TreatAsAtomicUnit">on</P>
    <P Name="SFBlockType">MATLAB Function</P>
    <P Name="ContentPreviewEnabled">on</P>
    <PortProperties>
      <Port Type="out" Index="1">
        <P Name="PropagatedSignals">kg</P>
      </Port>
    </PortProperties>
    <System Ref="system_46"/>
  </Block>
  <Block BlockType="SubSystem" Name="ADC_to_volt" SID="41">
    <PortCounts in="1" out="1"/>
    <P Name="Position">[495, 917, 565, 963]</P>
    <P Name="ZOrder">100000</P>
    <P Name="LibrarySourceProduct" Ref="bdmxdata:LibrarySourceProduct_41"/>
    <P Name="ErrorFcn">Stateflow.Translate.translate</P>
    <P Name="PermitHierarchicalResolution">ExplicitOnly</P>
    <P Name="TreatAsAtomicUnit">on</P>
    <P Name="SFBlockType">MATLAB Function</P>
    <P Name="ContentPreviewEnabled">on</P>
    <PortProperties>
      <Port Type="out" Index="1">
        <P Name="PropagatedSignals">volt</P>
      </Port>
    </PortProperties>
    <System Ref="system_41"/>
  </Block>
  <Block BlockType="Reference" Name="Analog to Digital Converter" SID="1">
    <PortCounts out="1"/>
    <P Name="Position">[215, 204, 320, 266]</P>
    <P Name="ZOrder">100000</P>
    <P Name="Commented">on</P>
    <P Name="LibrarySourceBlock">stm32g4xxblockslib/Analog to Digital Converter</P>
    <P Name="LibraryVersion">8.15</P>
    <P Name="SourceBlock">stm32f4xxblockslib/Analog to Digital Converter</P>
    <P Name="SourceType">stm32cube.blocks.AnalogInput</P>
    <InstanceData>
      <P Name="RTWMemSecFuncInitTerm">Inherit from model</P>
      <P Name="RTWMemSecFuncExecute">Inherit from model</P>
      <P Name="RTWMemSecDataConstants">Inherit from model</P>
      <P Name="RTWMemSecDataInternal">Inherit from model</P>
      <P Name="RTWMemSecDataParameters">Inherit from model</P>
      <P Name="ContentPreviewEnabled">on</P>
      <P Name="ADCModule">ADC1</P>
      <P Name="ConversionGroup">Regular</P>
      <P Name="TriggerMode">Trigger and read</P>
      <P Name="NumberOfConversions">1</P>
      <P Name="EnableBufferConv">off</P>
      <P Name="BufferLength">1</P>
      <P Name="OutputStatus">off</P>
      <P Name="SampleTime">-1</P>
      <P Name="EnableSimPort">off</P>
      <P Name="hoistedMaskSrc">ECSoC/ECSimCodegen/Analog to Digital Converter</P>
    </InstanceData>
  </Block>
  <Block BlockType="Reference" Name="Analog to Digital Converter1" SID="5">
    <PortCounts out="1"/>
    <P Name="Position">[215, 299, 320, 361]</P>
    <P Name="ZOrder">100000</P>
    <P Name="Commented">on</P>
    <P Name="LibrarySourceBlock">stm32g4xxblockslib/Analog to Digital Converter</P>
    <P Name="LibraryVersion">8.15</P>
    <P Name="SourceBlock">stm32f4xxblockslib/Analog to Digital Converter</P>
    <P Name="SourceType">stm32cube.blocks.AnalogInput</P>
    <InstanceData>
      <P Name="RTWMemSecFuncInitTerm">Inherit from model</P>
      <P Name="RTWMemSecFuncExecute">Inherit from model</P>
      <P Name="RTWMemSecDataConstants">Inherit from model</P>
      <P Name="RTWMemSecDataInternal">Inherit from model</P>
      <P Name="RTWMemSecDataParameters">Inherit from model</P>
      <P Name="ContentPreviewEnabled">on</P>
      <P Name="ADCModule">ADC2</P>
      <P Name="ConversionGroup">Regular</P>
      <P Name="TriggerMode">Trigger and read</P>
      <P Name="NumberOfConversions">1</P>
      <P Name="EnableBufferConv">off</P>
      <P Name="BufferLength">1</P>
      <P Name="OutputStatus">off</P>
      <P Name="SampleTime">-1</P>
      <P Name="EnableSimPort">off</P>
      <P Name="hoistedMaskSrc">ECSoC/ECSimCodegen/Analog to Digital Converter</P>
    </InstanceData>
  </Block>
  <Block BlockType="Reference" Name="Analog to Digital Converter2" SID="8">
    <PortCounts out="1"/>
    <P Name="Position">[215, 394, 320, 456]</P>
    <P Name="ZOrder">100000</P>
    <P Name="Commented">on</P>
    <P Name="LibrarySourceBlock">stm32g4xxblockslib/Analog to Digital Converter</P>
    <P Name="LibraryVersion">8.15</P>
    <P Name="SourceBlock">stm32f4xxblockslib/Analog to Digital Converter</P>
    <P Name="SourceType">stm32cube.blocks.AnalogInput</P>
    <InstanceData>
      <P Name="RTWMemSecFuncInitTerm">Inherit from model</P>
      <P Name="RTWMemSecFuncExecute">Inherit from model</P>
      <P Name="RTWMemSecDataConstants">Inherit from model</P>
      <P Name="RTWMemSecDataInternal">Inherit from model</P>
      <P Name="RTWMemSecDataParameters">Inherit from model</P>
      <P Name="ContentPreviewEnabled">on</P>
      <P Name="ADCModule">ADC3</P>
      <P Name="ConversionGroup">Regular</P>
      <P Name="TriggerMode">Trigger and read</P>
      <P Name="NumberOfConversions">1</P>
      <P Name="EnableBufferConv">off</P>
      <P Name="BufferLength">1</P>
      <P Name="OutputStatus">off</P>
      <P Name="SampleTime">-1</P>
      <P Name="EnableSimPort">off</P>
      <P Name="hoistedMaskSrc">ECSoC/ECSimCodegen/Analog to Digital Converter</P>
    </InstanceData>
  </Block>
  <Block BlockType="Reference" Name="Analog to Digital Converter3" SID="11">
    <PortCounts out="1"/>
    <P Name="Position">[215, 489, 320, 551]</P>
    <P Name="ZOrder">100000</P>
    <P Name="Commented">on</P>
    <P Name="LibrarySourceBlock">stm32g4xxblockslib/Analog to Digital Converter</P>
    <P Name="LibraryVersion">8.15</P>
    <P Name="SourceBlock">stm32f4xxblockslib/Analog to Digital Converter</P>
    <P Name="SourceType">stm32cube.blocks.AnalogInput</P>
    <InstanceData>
      <P Name="RTWMemSecFuncInitTerm">Inherit from model</P>
      <P Name="RTWMemSecFuncExecute">Inherit from model</P>
      <P Name="RTWMemSecDataConstants">Inherit from model</P>
      <P Name="RTWMemSecDataInternal">Inherit from model</P>
      <P Name="RTWMemSecDataParameters">Inherit from model</P>
      <P Name="ContentPreviewEnabled">on</P>
      <P Name="ADCModule">ADC4</P>
      <P Name="ConversionGroup">Regular</P>
      <P Name="TriggerMode">Trigger and read</P>
      <P Name="NumberOfConversions">1</P>
      <P Name="EnableBufferConv">off</P>
      <P Name="BufferLength">1</P>
      <P Name="OutputStatus">off</P>
      <P Name="SampleTime">-1</P>
      <P Name="EnableSimPort">off</P>
      <P Name="hoistedMaskSrc">ECSoC/ECSimCodegen/Analog to Digital Converter</P>
    </InstanceData>
  </Block>
  <Block BlockType="Reference" Name="Analog to Digital Converter4" SID="14">
    <PortCounts out="1"/>
    <P Name="Position">[215, 584, 320, 646]</P>
    <P Name="ZOrder">100000</P>
    <P Name="Commented">on</P>
    <P Name="LibrarySourceBlock">stm32g4xxblockslib/Analog to Digital Converter</P>
    <P Name="LibraryVersion">8.15</P>
    <P Name="SourceBlock">stm32f4xxblockslib/Analog to Digital Converter</P>
    <P Name="SourceType">stm32cube.blocks.AnalogInput</P>
    <InstanceData>
      <P Name="RTWMemSecFuncInitTerm">Inherit from model</P>
      <P Name="RTWMemSecFuncExecute">Inherit from model</P>
      <P Name="RTWMemSecDataConstants">Inherit from model</P>
      <P Name="RTWMemSecDataInternal">Inherit from model</P>
      <P Name="RTWMemSecDataParameters">Inherit from model</P>
      <P Name="ContentPreviewEnabled">on</P>
      <P Name="ADCModule">ADC5</P>
      <P Name="ConversionGroup">Regular</P>
      <P Name="TriggerMode">Trigger and read</P>
      <P Name="NumberOfConversions">1</P>
      <P Name="EnableBufferConv">off</P>
      <P Name="BufferLength">1</P>
      <P Name="OutputStatus">off</P>
      <P Name="SampleTime">-1</P>
      <P Name="EnableSimPort">off</P>
      <P Name="hoistedMaskSrc">ECSoC/ECSimCodegen/Analog to Digital Converter</P>
    </InstanceData>
    <PortProperties>
      <Port Type="out" Index="1">
        <P Name="DataLogging">on</P>
      </Port>
    </PortProperties>
  </Block>
  <Block BlockType="Reference" Name="Analog to Digital Converter5" SID="20">
    <PortCounts out="1"/>
    <P Name="Position">[725, 289, 830, 351]</P>
    <P Name="ZOrder">100000</P>
    <P Name="Commented">on</P>
    <P Name="LibrarySourceBlock">stm32g4xxblockslib/Analog to Digital Converter</P>
    <P Name="LibraryVersion">8.15</P>
    <P Name="SourceBlock">stm32f4xxblockslib/Analog to Digital Converter</P>
    <P Name="SourceType">stm32cube.blocks.AnalogInput</P>
    <InstanceData>
      <P Name="RTWMemSecFuncInitTerm">Inherit from model</P>
      <P Name="RTWMemSecFuncExecute">Inherit from model</P>
      <P Name="RTWMemSecDataConstants">Inherit from model</P>
      <P Name="RTWMemSecDataInternal">Inherit from model</P>
      <P Name="RTWMemSecDataParameters">Inherit from model</P>
      <P Name="ContentPreviewEnabled">on</P>
      <P Name="ADCModule">ADC1</P>
      <P Name="ConversionGroup">Regular</P>
      <P Name="TriggerMode">Trigger and read</P>
      <P Name="NumberOfConversions">1</P>
      <P Name="EnableBufferConv">off</P>
      <P Name="BufferLength">1</P>
      <P Name="OutputStatus">off</P>
      <P Name="SampleTime">-1</P>
      <P Name="EnableSimPort">off</P>
      <P Name="hoistedMaskSrc">ECSoC/ECSimCodegen/Analog to Digital Converter</P>
    </InstanceData>
    <PortProperties>
      <Port Type="out" Index="1">
        <P Name="DataLogging">on</P>
      </Port>
    </PortProperties>
  </Block>
  <Block BlockType="Reference" Name="Analog to Digital Converter6" SID="28">
    <PortCounts out="1"/>
    <P Name="Position">[720, 589, 825, 651]</P>
    <P Name="ZOrder">100000</P>
    <P Name="Commented">on</P>
    <P Name="LibrarySourceBlock">stm32g4xxblockslib/Analog to Digital Converter</P>
    <P Name="LibraryVersion">8.15</P>
    <P Name="SourceBlock">stm32f4xxblockslib/Analog to Digital Converter</P>
    <P Name="SourceType">stm32cube.blocks.AnalogInput</P>
    <InstanceData>
      <P Name="RTWMemSecFuncInitTerm">Inherit from model</P>
      <P Name="RTWMemSecFuncExecute">Inherit from model</P>
      <P Name="RTWMemSecDataConstants">Inherit from model</P>
      <P Name="RTWMemSecDataInternal">Inherit from model</P>
      <P Name="RTWMemSecDataParameters">Inherit from model</P>
      <P Name="ContentPreviewEnabled">on</P>
      <P Name="ADCModule">ADC1</P>
      <P Name="ConversionGroup">Regular</P>
      <P Name="TriggerMode">Trigger and read</P>
      <P Name="NumberOfConversions">1</P>
      <P Name="EnableBufferConv">off</P>
      <P Name="BufferLength">1</P>
      <P Name="OutputStatus">off</P>
      <P Name="SampleTime">-1</P>
      <P Name="EnableSimPort">off</P>
      <P Name="hoistedMaskSrc">ECSoC/ECSimCodegen/Analog to Digital Converter</P>
    </InstanceData>
    <PortProperties>
      <Port Type="out" Index="1">
        <P Name="DataLogging">on</P>
      </Port>
    </PortProperties>
  </Block>
  <Block BlockType="Reference" Name="Analog to Digital Converter7" SID="37">
    <PortCounts out="1"/>
    <P Name="Position">[105, 739, 210, 801]</P>
    <P Name="ZOrder">100000</P>
    <P Name="LibrarySourceBlock">stm32g4xxblockslib/Analog to Digital Converter</P>
    <P Name="LibraryVersion">8.15</P>
    <P Name="SourceBlock">stm32f4xxblockslib/Analog to Digital Converter</P>
    <P Name="SourceType">stm32cube.blocks.AnalogInput</P>
    <InstanceData>
      <P Name="RTWMemSecFuncInitTerm">Inherit from model</P>
      <P Name="RTWMemSecFuncExecute">Inherit from model</P>
      <P Name="RTWMemSecDataConstants">Inherit from model</P>
      <P Name="RTWMemSecDataInternal">Inherit from model</P>
      <P Name="RTWMemSecDataParameters">Inherit from model</P>
      <P Name="ContentPreviewEnabled">on</P>
      <P Name="ADCModule">ADC1</P>
      <P Name="ConversionGroup">Regular</P>
      <P Name="TriggerMode">Trigger and read</P>
      <P Name="NumberOfConversions">1</P>
      <P Name="EnableBufferConv">off</P>
      <P Name="BufferLength">1</P>
      <P Name="OutputStatus">off</P>
      <P Name="SampleTime">-1</P>
      <P Name="EnableSimPort">off</P>
      <P Name="hoistedMaskSrc">ECSoC/ECSimCodegen/Analog to Digital Converter</P>
    </InstanceData>
    <PortProperties>
      <Port Type="out" Index="1">
        <P Name="DataLogging">on</P>
      </Port>
    </PortProperties>
  </Block>
  <Block BlockType="Display" Name="Display" SID="3">
    <PortCounts in="1"/>
    <P Name="Position">[395, 220, 485, 250]</P>
    <P Name="ZOrder">100000</P>
    <P Name="Commented">on</P>
    <P Name="Decimation">1</P>
  </Block>
  <Block BlockType="Display" Name="Display1" SID="6">
    <PortCounts in="1"/>
    <P Name="Position">[395, 315, 485, 345]</P>
    <P Name="ZOrder">100000</P>
    <P Name="Commented">on</P>
    <P Name="Decimation">1</P>
  </Block>
  <Block BlockType="Display" Name="Display10" SID="61">
    <PortCounts in="1"/>
    <P Name="Position">[625, 1130, 715, 1160]</P>
    <P Name="ZOrder">100000</P>
    <P Name="Commented">on</P>
    <P Name="Decimation">1</P>
  </Block>
  <Block BlockType="Display" Name="Display11" SID="63">
    <PortCounts in="1"/>
    <P Name="Position">[610, 845, 700, 875]</P>
    <P Name="ZOrder">100000</P>
    <P Name="Decimation">1</P>
  </Block>
  <Block BlockType="Display" Name="Display2" SID="9">
    <PortCounts in="1"/>
    <P Name="Position">[395, 410, 485, 440]</P>
    <P Name="ZOrder">100000</P>
    <P Name="Commented">on</P>
    <P Name="Decimation">1</P>
  </Block>
  <Block BlockType="Display" Name="Display3" SID="12">
    <PortCounts in="1"/>
    <P Name="Position">[395, 505, 485, 535]</P>
    <P Name="ZOrder">100000</P>
    <P Name="Commented">on</P>
    <P Name="Decimation">1</P>
  </Block>
  <Block BlockType="Display" Name="Display4" SID="15">
    <PortCounts in="1"/>
    <P Name="Position">[395, 600, 485, 630]</P>
    <P Name="ZOrder">100000</P>
    <P Name="Commented">on</P>
    <P Name="Decimation">1</P>
  </Block>
  <Block BlockType="Display" Name="Display5" SID="21">
    <PortCounts in="1"/>
    <P Name="Position">[905, 305, 995, 335]</P>
    <P Name="ZOrder">100000</P>
    <P Name="Commented">on</P>
    <P Name="Decimation">1</P>
  </Block>
  <Block BlockType="Display" Name="Display6" SID="29">
    <PortCounts in="1"/>
    <P Name="Position">[900, 605, 990, 635]</P>
    <P Name="ZOrder">100000</P>
    <P Name="Commented">on</P>
    <P Name="Decimation">1</P>
  </Block>
  <Block BlockType="Display" Name="Display7" SID="38">
    <PortCounts in="1"/>
    <P Name="Position">[610, 755, 700, 785]</P>
    <P Name="ZOrder">100000</P>
    <P Name="Decimation">1</P>
  </Block>
  <Block BlockType="Display" Name="Display8" SID="42">
    <PortCounts in="1"/>
    <P Name="Position">[610, 925, 700, 955]</P>
    <P Name="ZOrder">100000</P>
    <P Name="Decimation">1</P>
  </Block>
  <Block BlockType="Display" Name="Display9" SID="49">
    <PortCounts in="1"/>
    <P Name="Position">[650, 1035, 740, 1065]</P>
    <P Name="ZOrder">100000</P>
    <P Name="Commented">on</P>
    <P Name="Decimation">1</P>
  </Block>
  <Block BlockType="SubSystem" Name="MATLAB Function" SID="62">
    <PortCounts in="1" out="1"/>
    <P Name="Position">[495, 837, 565, 883]</P>
    <P Name="ZOrder">100000</P>
    <P Name="LibrarySourceProduct" Ref="bdmxdata:LibrarySourceProduct_62"/>
    <P Name="ErrorFcn">Stateflow.Translate.translate</P>
    <P Name="PermitHierarchicalResolution">ExplicitOnly</P>
    <P Name="TreatAsAtomicUnit">on</P>
    <P Name="SFBlockType">MATLAB Function</P>
    <P Name="ContentPreviewEnabled">on</P>
    <PortProperties>
      <Port Type="out" Index="1">
        <P Name="PropagatedSignals">cT</P>
      </Port>
    </PortProperties>
    <System Ref="system_62"/>
  </Block>
  <Block BlockType="Relay" Name="Relay" SID="60">
    <P Name="Position">[380, 1111, 470, 1179]</P>
    <P Name="ZOrder">100000</P>
    <P Name="Commented">on</P>
    <P Name="OnSwitchValue">3071.25</P>
    <P Name="OffSwitchValue">1023.75</P>
  </Block>
  <Line>
    <P Name="ZOrder">2</P>
    <P Name="Src">1#out:1</P>
    <P Name="Dst">3#in:1</P>
  </Line>
  <Line>
    <P Name="ZOrder">3</P>
    <P Name="Src">5#out:1</P>
    <P Name="Dst">6#in:1</P>
  </Line>
  <Line>
    <P Name="ZOrder">4</P>
    <P Name="Src">8#out:1</P>
    <P Name="Dst">9#in:1</P>
  </Line>
  <Line>
    <P Name="ZOrder">5</P>
    <P Name="Src">11#out:1</P>
    <P Name="Dst">12#in:1</P>
  </Line>
  <Line>
    <P Name="ZOrder">6</P>
    <P Name="Src">14#out:1</P>
    <P Name="Dst">15#in:1</P>
  </Line>
  <Line>
    <P Name="ZOrder">8</P>
    <P Name="Src">20#out:1</P>
    <P Name="Dst">21#in:1</P>
  </Line>
  <Line>
    <P Name="ZOrder">15</P>
    <P Name="Src">28#out:1</P>
    <P Name="Dst">29#in:1</P>
  </Line>
  <Line>
    <P Name="ZOrder">18</P>
    <P Name="Src">41#out:1</P>
    <P Name="Dst">42#in:1</P>
  </Line>
  <Line>
    <P Name="ZOrder">37</P>
    <P Name="Src">46#out:1</P>
    <P Name="Dst">49#in:1</P>
  </Line>
  <Line>
    <P Name="ZOrder">16</P>
    <P Name="Src">37#out:1</P>
    <P Name="Points">[28, 0]</P>
    <Branch>
      <P Name="ZOrder">65</P>
      <P Name="Points">[0, 375]</P>
      <P Name="Dst">60#in:1</P>
    </Branch>
    <Branch>
      <P Name="ZOrder">64</P>
      <P Name="Points">[61, 0]</P>
      <Branch>
        <P Name="ZOrder">36</P>
        <P Name="Points">[0, 280]</P>
        <P Name="Dst">46#in:1</P>
      </Branch>
      <Branch>
        <P Name="ZOrder">35</P>
        <P Name="Points">[82, 0]</P>
        <Branch>
          <P Name="ZOrder">31</P>
          <P Name="Points">[0, 170]</P>
          <P Name="Dst">41#in:1</P>
        </Branch>
        <Branch>
          <P Name="ZOrder">30</P>
          <P Name="Points">[40, 0]</P>
          <Branch>
            <P Name="ZOrder">79</P>
            <P Name="Points">[0, 90]</P>
            <P Name="Dst">62#in:1</P>
          </Branch>
          <Branch>
            <P Name="ZOrder">73</P>
            <P Name="Points">[169, 0]</P>
            <P Name="Dst">38#in:1</P>
          </Branch>
        </Branch>
      </Branch>
    </Branch>
  </Line>
  <Line>
    <P Name="ZOrder">55</P>
    <P Name="Src">60#out:1</P>
    <P Name="Dst">61#in:1</P>
  </Line>
  <Line>
    <P Name="ZOrder">75</P>
    <P Name="Src">62#out:1</P>
    <P Name="Dst">63#in:1</P>
  </Line>
  <Annotation SID="34">
    <P Name="Name">&lt;!DOCTYPE HTML PUBLIC &quot;-//W3C//DTD HTML 4.0//EN&quot; &quot;http://www.w3.org/TR/REC-html40/strict.dtd&quot;&gt;
&lt;html&gt;&lt;head&gt;&lt;meta name=&quot;qrichtext&quot; content=&quot;1&quot; /&gt;&lt;style type=&quot;text/css&quot;&gt;
p, li { white-space: pre-wrap; }
&lt;/style&gt;&lt;/head&gt;&lt;body align=&quot;left&quot; style=&quot; font-family:&apos;Helvetica&apos;; font-size:10px; font-weight:400; font-style:normal;&quot;&gt;
&lt;p align=&quot;left&quot; style=&quot; margin-top:0px; margin-bottom:0px; margin-left:0px; margin-right:0px; -qt-block-indent:0; text-indent:0px;&quot;&gt;&lt;span style=&quot; font-family:&apos;TH Sarabun New&apos;,&apos;sans-serif&apos;; font-size:36px; font-weight:600;&quot;&gt;Lab 1.1: Potentiometer&lt;/span&gt;&lt;/p&gt;&lt;/body&gt;&lt;/html&gt;</P>
    <P Name="Position">[172, 150, 438, 200]</P>
    <P Name="InternalMargins">[0, 0, 0, 0]</P>
    <P Name="Interpreter">rich</P>
    <P Name="ZOrder">-1</P>
  </Annotation>
  <Annotation SID="33">
    <P Name="Position">[598, 440, 1113, 695]</P>
    <P Name="InternalMargins">[0, 0, 0, 0]</P>
    <P Name="FixedHeight">on</P>
    <P Name="FixedWidth">on</P>
    <P Name="ForegroundColor">[0.901961, 0.901961, 1.000000]</P>
    <P Name="BackgroundColor">[0.901961, 0.901961, 1.000000]</P>
    <P Name="DropShadow">on</P>
    <P Name="AnnotationType">area_annotation</P>
    <P Name="ZOrder">359</P>
    <P Name="FontSize">12</P>
  </Annotation>
  <Annotation SID="31">
    <P Name="Position">[602, 150, 1117, 430]</P>
    <P Name="InternalMargins">[0, 0, 0, 0]</P>
    <P Name="FixedHeight">on</P>
    <P Name="FixedWidth">on</P>
    <P Name="ForegroundColor">[0.901961, 0.901961, 1.000000]</P>
    <P Name="BackgroundColor">[0.901961, 0.901961, 1.000000]</P>
    <P Name="DropShadow">on</P>
    <P Name="AnnotationType">area_annotation</P>
    <P Name="ZOrder">358</P>
    <P Name="FontSize">12</P>
  </Annotation>
  <Annotation SID="24">
    <P Name="Position">[6, 135, 575, 679]</P>
    <P Name="InternalMargins">[0, 0, 0, 0]</P>
    <P Name="FixedHeight">on</P>
    <P Name="FixedWidth">on</P>
    <P Name="ForegroundColor">[0.901961, 0.901961, 1.000000]</P>
    <P Name="BackgroundColor">[0.901961, 0.901961, 1.000000]</P>
    <P Name="DropShadow">on</P>
    <P Name="AnnotationType">area_annotation</P>
    <P Name="ZOrder">357</P>
    <P Name="FontSize">12</P>
  </Annotation>
  <Annotation SID="4">
    <P Name="Name">&lt;!DOCTYPE HTML PUBLIC &quot;-//W3C//DTD HTML 4.0//EN&quot; &quot;http://www.w3.org/TR/REC-html40/strict.dtd&quot;&gt;
&lt;html&gt;&lt;head&gt;&lt;meta name=&quot;qrichtext&quot; content=&quot;1&quot; /&gt;&lt;style type=&quot;text/css&quot;&gt;
p, li { white-space: pre-wrap; }
&lt;/style&gt;&lt;/head&gt;&lt;body align=&quot;left&quot; style=&quot; font-family:&apos;Helvetica&apos;; font-size:10px; font-weight:400; font-style:normal;&quot;&gt;
&lt;p align=&quot;left&quot; style=&quot; margin-top:0px; margin-bottom:0px; margin-left:0px; margin-right:0px; -qt-block-indent:0; text-indent:0px;&quot;&gt;Rotary Potentiometer Type A&lt;/p&gt;
&lt;p align=&quot;left&quot; style=&quot; margin-top:0px; margin-bottom:0px; margin-left:0px; margin-right:0px; -qt-block-indent:0; text-indent:0px;&quot;&gt;&lt;span style=&quot; color:#0070c0;&quot;&gt;(connect analog pin to PA0)&lt;/span&gt;&lt;/p&gt;&lt;/body&gt;&lt;/html&gt;</P>
    <P Name="Position">[63, 227, 192, 255]</P>
    <P Name="InternalMargins">[0, 0, 0, 0]</P>
    <P Name="Interpreter">rich</P>
    <P Name="ZOrder">-1</P>
  </Annotation>
  <Annotation SID="7">
    <P Name="Name">&lt;!DOCTYPE HTML PUBLIC &quot;-//W3C//DTD HTML 4.0//EN&quot; &quot;http://www.w3.org/TR/REC-html40/strict.dtd&quot;&gt;
&lt;html&gt;&lt;head&gt;&lt;meta name=&quot;qrichtext&quot; content=&quot;1&quot; /&gt;&lt;style type=&quot;text/css&quot;&gt;
p, li { white-space: pre-wrap; }
&lt;/style&gt;&lt;/head&gt;&lt;body align=&quot;left&quot; style=&quot; font-family:&apos;Helvetica&apos;; font-size:10px; font-weight:400; font-style:normal;&quot;&gt;
&lt;p align=&quot;left&quot; style=&quot; margin-top:0px; margin-bottom:0px; margin-left:0px; margin-right:0px; -qt-block-indent:0; text-indent:0px;&quot;&gt;Rotary Potentiometer Type B&lt;/p&gt;
&lt;p align=&quot;left&quot; style=&quot; margin-top:0px; margin-bottom:0px; margin-left:0px; margin-right:0px; -qt-block-indent:0; text-indent:0px;&quot;&gt;&lt;span style=&quot; color:#0070c0;&quot;&gt;(connect analog pin to PA1)&lt;/span&gt;&lt;/p&gt;&lt;/body&gt;&lt;/html&gt;</P>
    <P Name="Position">[63, 322, 192, 350]</P>
    <P Name="InternalMargins">[0, 0, 0, 0]</P>
    <P Name="Interpreter">rich</P>
    <P Name="ZOrder">-1</P>
  </Annotation>
  <Annotation SID="10">
    <P Name="Name">&lt;!DOCTYPE HTML PUBLIC &quot;-//W3C//DTD HTML 4.0//EN&quot; &quot;http://www.w3.org/TR/REC-html40/strict.dtd&quot;&gt;
&lt;html&gt;&lt;head&gt;&lt;meta name=&quot;qrichtext&quot; content=&quot;1&quot; /&gt;&lt;style type=&quot;text/css&quot;&gt;
p, li { white-space: pre-wrap; }
&lt;/style&gt;&lt;/head&gt;&lt;body align=&quot;left&quot; style=&quot; font-family:&apos;Helvetica&apos;; font-size:10px; font-weight:400; font-style:normal;&quot;&gt;
&lt;p align=&quot;left&quot; style=&quot; margin-top:0px; margin-bottom:0px; margin-left:0px; margin-right:0px; -qt-block-indent:0; text-indent:0px;&quot;&gt;Rotary Potentiometer Type C&lt;/p&gt;
&lt;p align=&quot;left&quot; style=&quot; margin-top:0px; margin-bottom:0px; margin-left:0px; margin-right:0px; -qt-block-indent:0; text-indent:0px;&quot;&gt;&lt;span style=&quot; color:#0070c0;&quot;&gt;(connect analog pin to PB1)&lt;/span&gt;&lt;/p&gt;&lt;/body&gt;&lt;/html&gt;</P>
    <P Name="Position">[63, 417, 193, 445]</P>
    <P Name="InternalMargins">[0, 0, 0, 0]</P>
    <P Name="Interpreter">rich</P>
    <P Name="ZOrder">-2</P>
  </Annotation>
  <Annotation SID="13">
    <P Name="Name">&lt;!DOCTYPE HTML PUBLIC &quot;-//W3C//DTD HTML 4.0//EN&quot; &quot;http://www.w3.org/TR/REC-html40/strict.dtd&quot;&gt;
&lt;html&gt;&lt;head&gt;&lt;meta name=&quot;qrichtext&quot; content=&quot;1&quot; /&gt;&lt;style type=&quot;text/css&quot;&gt;
p, li { white-space: pre-wrap; }
&lt;/style&gt;&lt;/head&gt;&lt;body align=&quot;left&quot; style=&quot; font-family:&apos;Helvetica&apos;; font-size:10px; font-weight:400; font-style:normal;&quot;&gt;
&lt;p align=&quot;left&quot; style=&quot; margin-top:0px; margin-bottom:0px; margin-left:0px; margin-right:0px; -qt-block-indent:0; text-indent:0px;&quot;&gt;Linear Potentiometer Type A&lt;/p&gt;
&lt;p align=&quot;left&quot; style=&quot; margin-top:0px; margin-bottom:0px; margin-left:0px; margin-right:0px; -qt-block-indent:0; text-indent:0px;&quot;&gt;&lt;span style=&quot; color:#0070c0;&quot;&gt;(connect analog pin to PB12)&lt;/span&gt;&lt;/p&gt;&lt;/body&gt;&lt;/html&gt;</P>
    <P Name="Position">[63, 512, 193, 540]</P>
    <P Name="InternalMargins">[0, 0, 0, 0]</P>
    <P Name="Interpreter">rich</P>
    <P Name="ZOrder">-3</P>
  </Annotation>
  <Annotation SID="16">
    <P Name="Name">&lt;!DOCTYPE HTML PUBLIC &quot;-//W3C//DTD HTML 4.0//EN&quot; &quot;http://www.w3.org/TR/REC-html40/strict.dtd&quot;&gt;
&lt;html&gt;&lt;head&gt;&lt;meta name=&quot;qrichtext&quot; content=&quot;1&quot; /&gt;&lt;style type=&quot;text/css&quot;&gt;
p, li { white-space: pre-wrap; }
&lt;/style&gt;&lt;/head&gt;&lt;body align=&quot;left&quot; style=&quot; font-family:&apos;Helvetica&apos;; font-size:10px; font-weight:400; font-style:normal;&quot;&gt;
&lt;p align=&quot;left&quot; style=&quot; margin-top:0px; margin-bottom:0px; margin-left:0px; margin-right:0px; -qt-block-indent:0; text-indent:0px;&quot;&gt;Linear Potentiometer Type B&lt;/p&gt;
&lt;p align=&quot;left&quot; style=&quot; margin-top:0px; margin-bottom:0px; margin-left:0px; margin-right:0px; -qt-block-indent:0; text-indent:0px;&quot;&gt;&lt;span style=&quot; color:#0070c0;&quot;&gt;(connect analog pin to PA8)&lt;/span&gt;&lt;/p&gt;&lt;/body&gt;&lt;/html&gt;</P>
    <P Name="Position">[63, 607, 191, 635]</P>
    <P Name="InternalMargins">[0, 0, 0, 0]</P>
    <P Name="Interpreter">rich</P>
    <P Name="ZOrder">-4</P>
  </Annotation>
  <Annotation SID="22">
    <P Name="Name">&lt;!DOCTYPE HTML PUBLIC &quot;-//W3C//DTD HTML 4.0//EN&quot; &quot;http://www.w3.org/TR/REC-html40/strict.dtd&quot;&gt;
&lt;html&gt;&lt;head&gt;&lt;meta name=&quot;qrichtext&quot; content=&quot;1&quot; /&gt;&lt;style type=&quot;text/css&quot;&gt;
p, li { white-space: pre-wrap; }
&lt;/style&gt;&lt;/head&gt;&lt;body align=&quot;left&quot; style=&quot; font-family:&apos;Helvetica&apos;; font-size:10px; font-weight:400; font-style:normal;&quot;&gt;
&lt;p align=&quot;left&quot; style=&quot; margin-top:0px; margin-bottom:0px; margin-left:0px; margin-right:0px; -qt-block-indent:0; text-indent:0px;&quot;&gt;&lt;span style=&quot; font-family:&apos;TH Sarabun New&apos;,&apos;sans-serif&apos;; font-size:19px;&quot;&gt;Ratiometric Linear Hall Effect Magnetic Sensor &lt;/span&gt;&lt;/p&gt;
&lt;p align=&quot;center&quot; style=&quot; margin-top:0px; margin-bottom:0px; margin-left:0px; margin-right:0px; -qt-block-indent:0; text-indent:0px;&quot;&gt;&lt;span style=&quot; font-size:10px; color:#0070c0;&quot;&gt;(connect analog pin to PA0)&lt;/span&gt;&lt;/p&gt;&lt;/body&gt;&lt;/html&gt;</P>
    <P Name="Position">[725, 224, 994, 265]</P>
    <P Name="InternalMargins">[0, 0, 0, 0]</P>
    <P Name="Interpreter">rich</P>
    <P Name="ZOrder">-2</P>
  </Annotation>
  <Annotation SID="30">
    <P Name="Name">&lt;!DOCTYPE HTML PUBLIC &quot;-//W3C//DTD HTML 4.0//EN&quot; &quot;http://www.w3.org/TR/REC-html40/strict.dtd&quot;&gt;
&lt;html&gt;&lt;head&gt;&lt;meta name=&quot;qrichtext&quot; content=&quot;1&quot; /&gt;&lt;style type=&quot;text/css&quot;&gt;
p, li { white-space: pre-wrap; }
&lt;/style&gt;&lt;/head&gt;&lt;body align=&quot;left&quot; style=&quot; font-family:&apos;Helvetica&apos;; font-size:10px; font-weight:400; font-style:normal;&quot;&gt;
&lt;p align=&quot;center&quot; style=&quot; margin-top:0px; margin-bottom:0px; margin-left:0px; margin-right:0px; -qt-block-indent:0; text-indent:0px;&quot;&gt;&lt;span style=&quot; font-family:&apos;TH Sarabun New&apos;,&apos;sans-serif&apos;; font-size:20px;&quot;&gt;Single Point Load Cell &lt;/span&gt;&lt;/p&gt;
&lt;p align=&quot;center&quot; style=&quot; margin-top:0px; margin-bottom:0px; margin-left:0px; margin-right:0px; -qt-block-indent:0; text-indent:0px;&quot;&gt;&lt;span style=&quot; font-size:10px; color:#0070c0;&quot;&gt;(connect analog pin to PA0)&lt;/span&gt;&lt;/p&gt;&lt;/body&gt;&lt;/html&gt;</P>
    <P Name="Position">[785, 529, 924, 571]</P>
    <P Name="InternalMargins">[0, 0, 0, 0]</P>
    <P Name="Interpreter">rich</P>
    <P Name="ZOrder">-4</P>
  </Annotation>
  <Annotation SID="35">
    <P Name="Name">&lt;!DOCTYPE HTML PUBLIC &quot;-//W3C//DTD HTML 4.0//EN&quot; &quot;http://www.w3.org/TR/REC-html40/strict.dtd&quot;&gt;
&lt;html&gt;&lt;head&gt;&lt;meta name=&quot;qrichtext&quot; content=&quot;1&quot; /&gt;&lt;style type=&quot;text/css&quot;&gt;
p, li { white-space: pre-wrap; }
&lt;/style&gt;&lt;/head&gt;&lt;body align=&quot;left&quot; style=&quot; font-family:&apos;Helvetica&apos;; font-size:10px; font-weight:400; font-style:normal;&quot;&gt;
&lt;p align=&quot;left&quot; style=&quot; margin-top:0px; margin-bottom:0px; margin-left:0px; margin-right:0px; -qt-block-indent:0; text-indent:0px;&quot;&gt;&lt;span style=&quot; font-family:&apos;TH Sarabun New&apos;,&apos;sans-serif&apos;; font-size:36px; font-weight:600;&quot;&gt;Lab 1.3: Magnetic Sensor&lt;/span&gt;&lt;/p&gt;&lt;/body&gt;&lt;/html&gt;</P>
    <P Name="Position">[707, 150, 994, 200]</P>
    <P Name="InternalMargins">[0, 0, 0, 0]</P>
    <P Name="Interpreter">rich</P>
    <P Name="ZOrder">-6</P>
  </Annotation>
  <Annotation SID="36">
    <P Name="Name">&lt;!DOCTYPE HTML PUBLIC &quot;-//W3C//DTD HTML 4.0//EN&quot; &quot;http://www.w3.org/TR/REC-html40/strict.dtd&quot;&gt;
&lt;html&gt;&lt;head&gt;&lt;meta name=&quot;qrichtext&quot; content=&quot;1&quot; /&gt;&lt;style type=&quot;text/css&quot;&gt;
p, li { white-space: pre-wrap; }
&lt;/style&gt;&lt;/head&gt;&lt;body align=&quot;left&quot; style=&quot; font-family:&apos;Helvetica&apos;; font-size:10px; font-weight:400; font-style:normal;&quot;&gt;
&lt;p align=&quot;center&quot; style=&quot; margin-top:0px; margin-bottom:0px; margin-left:0px; margin-right:0px; -qt-block-indent:0; text-indent:0px;&quot;&gt;&lt;span style=&quot; font-family:&apos;TH Sarabun New&apos;,&apos;sans-serif&apos;; font-size:24px; font-weight:600;&quot;&gt;Lab 1.4: Single Point Load Cell &lt;/span&gt;&lt;/p&gt;
&lt;p align=&quot;center&quot; style=&quot; margin-top:0px; margin-bottom:0px; margin-left:0px; margin-right:0px; -qt-block-indent:0; text-indent:0px;&quot;&gt;&lt;span style=&quot; font-family:&apos;TH Sarabun New&apos;,&apos;sans-serif&apos;; font-size:24px; font-weight:600;&quot;&gt;with INA125 Instrumentation Amplifier&lt;/span&gt;&lt;/p&gt;&lt;/body&gt;&lt;/html&gt;</P>
    <P Name="Position">[697, 445, 1022, 511]</P>
    <P Name="InternalMargins">[0, 0, 0, 0]</P>
    <P Name="FixedHeight">on</P>
    <P Name="FixedWidth">on</P>
    <P Name="Interpreter">rich</P>
    <P Name="ZOrder">-7</P>
  </Annotation>
</System>
