<?xml version="1.0" encoding="utf-8"?>
<ModelInformation Version="1.0">
  <Model>
    <P Name="ModelUUID">e83e199f-5fbe-4ea2-8658-0e654fa3dba1</P>
    <P Name="SLXCompressionType">None</P>
    <P Name="LastSavedArchitecture">win64</P>
    <UserParameters>
      <P Name="STM32">{&quot;AnalogInput&quot;:[{&quot;ID&quot;:&quot;test_poten:20&quot;},{&quot;ID&quot;:&quot;test_poten:28&quot;},{&quot;ID&quot;:&quot;ADC_reader:28&quot;},{&quot;ID&quot;:&quot;ADC_reader:20&quot;},{&quot;ID&quot;:&quot;ADC_reader:14&quot;},{&quot;ID&quot;:&quot;ADC_reader:11&quot;},{&quot;ID&quot;:&quot;ADC_reader:8&quot;},{&quot;ID&quot;:&quot;ADC_reader:5&quot;},{&quot;ID&quot;:&quot;ADC_reader:1&quot;},{&quot;ID&quot;:&quot;ADC_reader_simulink:5&quot;},{&quot;ID&quot;:&quot;ADC_reader_simulink:8&quot;},{&quot;ID&quot;:&quot;ADC_reader_simulink:11&quot;},{&quot;ID&quot;:&quot;ADC_reader_simulink:14&quot;}]}</P>
    </UserParameters>
    <ConfigManagerSettings>
      <P Name="ModifiedByFormat">%&lt;Auto&gt;</P>
      <P Name="ModifiedDateFormat">%&lt;Auto&gt;</P>
      <P Name="ModelVersionFormat">%&lt;AutoIncrement:2.0&gt;</P>
    </ConfigManagerSettings>
    <SimulationSettings>
      <P Name="SimulationMode">normal</P>
      <Object PropName="DataLoggingOverride" ObjectID="1" ClassName="Simulink.SimulationData.ModelLoggingInfo">
        <P Name="model_" Class="char">$bdroot</P>
        <P Name="overrideMode_" Class="uint32">0U</P>
        <Array PropName="logAsSpecifiedByModels_" Type="Cell" Dimension="1*1">
          <Cell Class="char">$bdroot</Cell>
        </Array>
        <Array PropName="logAsSpecifiedByModelsSSIDs_" Type="Cell" Dimension="1*1">
          <Cell Class="double">[]</Cell>
        </Array>
      </Object>
      <Object PropName="InstrumentedSignals" ObjectID="2" ClassName="Simulink.HMI.InstrumentedSignals">
        <Array PropName="Persistence" Type="Struct" Dimension="2*1">
          <MATStruct>
            <Field Name="UUID" Class="char">d4d72370-4991-4cc3-8df6-69404c9cb6f8</Field>
            <Field Name="BlockPath_" Class="char">Analog to Digital Converter5</Field>
            <Field Name="SID_" Class="char">17</Field>
            <Field Name="SubPath_" Class="char"/>
            <Field Name="OutputPortIndex_" Class="double">1.0</Field>
            <Field Name="LogicalPortIndex_" Class="double">0.0</Field>
            <Field Name="SignalName_" Class="char"/>
            <Field Name="SubSysPath_" Class="char"/>
            <Field Name="Decimation_" Class="double">1.0</Field>
            <Field Name="MaxPoints_" Class="double">0.0</Field>
            <Field Name="TargetBufferedStreaming_" Class="double">0.0</Field>
            <Field Name="IsFrameBased_" Class="double">0.0</Field>
            <Field Name="HideInSDI_" Class="double">0.0</Field>
            <Field Name="DomainType_" Class="char"/>
            <Array PropName="DomainParams_" Type="Struct" Dimension="1*1">
              <MATStruct/>
            </Array>
            <Field Name="VisualType_" Class="char"/>
          </MATStruct>
          <MATStruct>
            <Field Name="UUID" Class="char">8cd7cecc-36f3-4c75-a259-0a525ea14b4a</Field>
            <Field Name="BlockPath_" Class="char">Analog to Digital Converter6</Field>
            <Field Name="SID_" Class="char">25</Field>
            <Field Name="SubPath_" Class="char"/>
            <Field Name="OutputPortIndex_" Class="double">1.0</Field>
            <Field Name="LogicalPortIndex_" Class="double">0.0</Field>
            <Field Name="SignalName_" Class="char"/>
            <Field Name="SubSysPath_" Class="char"/>
            <Field Name="Decimation_" Class="double">1.0</Field>
            <Field Name="MaxPoints_" Class="double">0.0</Field>
            <Field Name="TargetBufferedStreaming_" Class="double">0.0</Field>
            <Field Name="IsFrameBased_" Class="double">0.0</Field>
            <Field Name="HideInSDI_" Class="double">0.0</Field>
            <Field Name="DomainType_" Class="char"/>
            <Array PropName="DomainParams_" Type="Struct" Dimension="1*1">
              <MATStruct/>
            </Array>
            <Field Name="VisualType_" Class="char"/>
          </MATStruct>
        </Array>
      </Object>
    </SimulationSettings>
    <EngineSettings>
      <P Name="ConfigurableSubsystemUsage">warning</P>
    </EngineSettings>
    <ConcurrentExecutionSettings>
      <Object PropName="DataTransfer" ObjectID="3" ClassName="Simulink.GlobalDataTransfer">
        <P Name="DefaultTransitionBetweenSyncTasks" Class="char">Ensure deterministic transfer (maximum delay)</P>
        <P Name="DefaultTransitionBetweenAsyncTasks" Class="char">Ensure data integrity only</P>
        <P Name="DefaultTransitionBetweenContTasks" Class="char">Ensure deterministic transfer (minimum delay)</P>
        <P Name="DefaultExtrapolationMethodBetweenContTasks" Class="char">None</P>
      </Object>
      <Object PropName="ModelMappings" ObjectID="4" ClassName="Simulink.CoderDictionary.ModelMapping">
        <P Name="DummyName" Class="char"/>
        <P Name="Inports" Class="double">[]</P>
        <P Name="Outports" Class="double">[]</P>
        <P Name="FcnCallInports" Class="double">[]</P>
        <Array PropName="OneShotFunctionMappings" Type="Simulink.CoderDictionary.EntryPointMapping" Dimension="1*2">
          <Object ObjectID="5">
            <P Name="Prototype" Class="char"/>
            <P Name="SimulinkFunctionName" Class="char">Initialize</P>
            <Object Reference="true" PropName="ParentMapping" ObjectID="4"/>
            <Object PropName="FunctionReference" ObjectID="6" ClassName="Simulink.FunctionReferenceClass">
              <Object PropName="FunctionClass" ObjectID="7" ClassName="Simulink.MapDataRef">
                <P Name="UUID" Class="char"/>
              </Object>
              <Object PropName="MemorySection" ObjectID="8" ClassName="Simulink.MapDataRef">
                <P Name="UUID" Class="char"/>
              </Object>
            </Object>
            <Object PropName="Deployment" ObjectID="9" ClassName="Simulink.FunctionDeployment">
              <P Name="ExecutionCore" Class="char">Auto</P>
              <Object PropName="TimerService" ObjectID="10" ClassName="Simulink.MapDataRef">
                <P Name="UUID" Class="char"/>
              </Object>
            </Object>
          </Object>
          <Object ObjectID="11">
            <P Name="Prototype" Class="char"/>
            <P Name="SimulinkFunctionName" Class="char">Terminate</P>
            <Object Reference="true" PropName="ParentMapping" ObjectID="4"/>
            <Object PropName="FunctionReference" ObjectID="12" ClassName="Simulink.FunctionReferenceClass">
              <Object PropName="FunctionClass" ObjectID="13" ClassName="Simulink.MapDataRef">
                <P Name="UUID" Class="char"/>
              </Object>
              <Object PropName="MemorySection" ObjectID="14" ClassName="Simulink.MapDataRef">
                <P Name="UUID" Class="char"/>
              </Object>
            </Object>
            <Object PropName="Deployment" ObjectID="15" ClassName="Simulink.FunctionDeployment">
              <P Name="ExecutionCore" Class="char">Auto</P>
              <Object PropName="TimerService" ObjectID="16" ClassName="Simulink.MapDataRef">
                <P Name="UUID" Class="char"/>
              </Object>
            </Object>
          </Object>
        </Array>
        <Object PropName="OutputFunctionMappings" ObjectID="17" ClassName="Simulink.CoderDictionary.PeriodicFunctionMapping">
          <P Name="PartitionName" Class="char"/>
          <P Name="Id" Class="int32">1</P>
          <P Name="Period" Class="double">0.2</P>
          <P Name="Offset" Class="double">0.0</P>
          <P Name="Prototype" Class="char"/>
          <P Name="SimulinkFunctionName" Class="char">Step</P>
          <Object Reference="true" PropName="ParentMapping" ObjectID="4"/>
          <Object PropName="FunctionReference" ObjectID="18" ClassName="Simulink.FunctionReferenceClass">
            <Object PropName="FunctionClass" ObjectID="19" ClassName="Simulink.MapDataRef">
              <P Name="UUID" Class="char"/>
            </Object>
            <Object PropName="MemorySection" ObjectID="20" ClassName="Simulink.MapDataRef">
              <P Name="UUID" Class="char"/>
            </Object>
          </Object>
          <Object PropName="Deployment" ObjectID="21" ClassName="Simulink.FunctionDeployment">
            <P Name="ExecutionCore" Class="char">Auto</P>
            <Object PropName="TimerService" ObjectID="22" ClassName="Simulink.MapDataRef">
              <P Name="UUID" Class="char"/>
            </Object>
          </Object>
        </Object>
        <P Name="UpdateFunctionMappings" Class="double">[]</P>
        <P Name="AperiodicFunctionMappings" Class="double">[]</P>
        <P Name="AsynchronousFunctionMappings" Class="double">[]</P>
        <P Name="ResetFunctions" Class="double">[]</P>
        <P Name="SimulinkFunctionCallerMappings" Class="double">[]</P>
        <P Name="ModelScopedParameters" Class="double">[]</P>
        <P Name="Parameters" Class="double">[]</P>
        <P Name="Signals" Class="double">[]</P>
        <P Name="SynthesizedLocalDataStores" Class="double">[]</P>
        <P Name="RateTransitions" Class="double">[]</P>
        <P Name="SignalDataTransfers" Class="double">[]</P>
        <P Name="DataStores" Class="double">[]</P>
        <P Name="States" Class="double">[]</P>
        <Object PropName="DefaultsMapping" ObjectID="23" ClassName="Simulink.CoderDictionary.DefaultsMapping">
          <Object Reference="true" PropName="ParentMapping" ObjectID="4"/>
          <Object PropName="Inports" ObjectID="24" ClassName="Simulink.DataReferenceClass">
            <P Name="MappedTo" Class="char">StorageClass</P>
            <P Name="StorageClass" Class="double">[]</P>
            <P Name="ServicePort" Class="double">[]</P>
            <P Name="CSCAttributes" Class="char"/>
            <P Name="MemorySection" Class="double">[]</P>
            <P Name="Identifier" Class="char"/>
          </Object>
          <Object PropName="Outports" ObjectID="25" ClassName="Simulink.DataReferenceClass">
            <P Name="MappedTo" Class="char">StorageClass</P>
            <P Name="StorageClass" Class="double">[]</P>
            <P Name="ServicePort" Class="double">[]</P>
            <P Name="CSCAttributes" Class="char"/>
            <P Name="MemorySection" Class="double">[]</P>
            <P Name="Identifier" Class="char"/>
          </Object>
          <Object PropName="GlobalParameters" ObjectID="26" ClassName="Simulink.DataReferenceClass">
            <P Name="MappedTo" Class="char">StorageClass</P>
            <P Name="StorageClass" Class="double">[]</P>
            <P Name="ServicePort" Class="double">[]</P>
            <P Name="CSCAttributes" Class="char"/>
            <P Name="MemorySection" Class="double">[]</P>
            <P Name="Identifier" Class="char"/>
          </Object>
          <Object PropName="SharedParameters" ObjectID="27" ClassName="Simulink.DataReferenceClass">
            <P Name="MappedTo" Class="char">StorageClass</P>
            <P Name="StorageClass" Class="double">[]</P>
            <P Name="ServicePort" Class="double">[]</P>
            <P Name="CSCAttributes" Class="char"/>
            <P Name="MemorySection" Class="double">[]</P>
            <P Name="Identifier" Class="char"/>
          </Object>
          <Object PropName="PerInstanceParameters" ObjectID="28" ClassName="Simulink.DataReferenceClass">
            <P Name="MappedTo" Class="char">StorageClass</P>
            <P Name="StorageClass" Class="double">[]</P>
            <P Name="ServicePort" Class="double">[]</P>
            <P Name="CSCAttributes" Class="char"/>
            <P Name="MemorySection" Class="double">[]</P>
            <P Name="Identifier" Class="char"/>
          </Object>
          <Object PropName="SharedLocalDataStores" ObjectID="29" ClassName="Simulink.DataReferenceClass">
            <P Name="MappedTo" Class="char">StorageClass</P>
            <P Name="StorageClass" Class="double">[]</P>
            <P Name="ServicePort" Class="double">[]</P>
            <P Name="CSCAttributes" Class="char"/>
            <P Name="MemorySection" Class="double">[]</P>
            <P Name="Identifier" Class="char"/>
          </Object>
          <Object PropName="GlobalDataStores" ObjectID="30" ClassName="Simulink.DataReferenceClass">
            <P Name="MappedTo" Class="char">StorageClass</P>
            <P Name="StorageClass" Class="double">[]</P>
            <P Name="ServicePort" Class="double">[]</P>
            <P Name="CSCAttributes" Class="char"/>
            <P Name="MemorySection" Class="double">[]</P>
            <P Name="Identifier" Class="char"/>
          </Object>
          <Object PropName="InternalData" ObjectID="31" ClassName="Simulink.DataReferenceClass">
            <P Name="MappedTo" Class="char">StorageClass</P>
            <P Name="StorageClass" Class="double">[]</P>
            <P Name="ServicePort" Class="double">[]</P>
            <P Name="CSCAttributes" Class="char"/>
            <P Name="MemorySection" Class="double">[]</P>
            <P Name="Identifier" Class="char"/>
          </Object>
          <Object PropName="Constants" ObjectID="32" ClassName="Simulink.DataReferenceClass">
            <P Name="MappedTo" Class="char">StorageClass</P>
            <P Name="StorageClass" Class="double">[]</P>
            <P Name="ServicePort" Class="double">[]</P>
            <P Name="CSCAttributes" Class="char"/>
            <P Name="MemorySection" Class="double">[]</P>
            <P Name="Identifier" Class="char"/>
          </Object>
          <Object PropName="InitTermFunctions" ObjectID="33" ClassName="Simulink.FunctionReferenceClass">
            <P Name="FunctionClass" Class="double">[]</P>
            <P Name="MemorySection" Class="double">[]</P>
          </Object>
          <Object PropName="ExecutionFunctions" ObjectID="34" ClassName="Simulink.FunctionReferenceClass">
            <P Name="FunctionClass" Class="double">[]</P>
            <P Name="MemorySection" Class="double">[]</P>
          </Object>
          <Object PropName="SharedUtilityFunctions" ObjectID="35" ClassName="Simulink.FunctionReferenceClass">
            <P Name="FunctionClass" Class="double">[]</P>
            <P Name="MemorySection" Class="double">[]</P>
          </Object>
        </Object>
        <P Name="isFunctionPlatform" Class="logical">0</P>
        <P Name="DeploymentType" Class="char">Unset</P>
        <P Name="Name" Class="char">test_poten_c</P>
        <P Name="Active" Class="logical">1</P>
      </Object>
    </ConcurrentExecutionSettings>
    <System Ref="system_root"/>
  </Model>
</ModelInformation>
