{
    "GraphicalInterface":{
        "ExternalFileReferences":[
            {
                "Path":"$bdroot\/Analog to Digital Converter1",
                "Reference":"stm32f4xxblockslib\/Analog to Digital Converter",
                "SID":"5",
                "Type":"LIBRARY_BLOCK"
            },
            {
                "Path":"$bdroot\/Analog to Digital Converter2",
                "Reference":"stm32f4xxblockslib\/Analog to Digital Converter",
                "SID":"8",
                "Type":"LIBRARY_BLOCK"
            },
            {
                "Path":"$bdroot\/Analog to Digital Converter3",
                "Reference":"stm32f4xxblockslib\/Analog to Digital Converter",
                "SID":"11",
                "Type":"LIBRARY_BLOCK"
            },
            {
                "Path":"$bdroot\/Analog to Digital Converter4",
                "Reference":"stm32f4xxblockslib\/Analog to Digital Converter",
                "SID":"14",
                "Type":"LIBRARY_BLOCK"
            }
        ],
        "PreCompExecutionDomainType":"Unset",
        "SimulinkSubDomainType":"Simulink",
        "SolverName":"FixedStepAuto",
        "TestPointedSignals":[
            {
                "Decimation":2,
                "FullBlockPath":"$bdroot\/Analog to Digital Converter5",
                "LogSignal":true,
                "MaxPoints":5000,
                "SignalName":""
            },
            {
                "Decimation":2,
                "FullBlockPath":"$bdroot\/Analog to Digital Converter6",
                "LogSignal":true,
                "MaxPoints":5000,
                "SignalName":""
            }
        ]
    }
}