<?xml version="1.0" encoding="UTF-8"?>
<sltp_graph version="1.1" packageUris="http://schema.mathworks.com/mf0/sltp_mm/R2025a_202406271200">
  <sltp.mm.core.Context type="sltp.mm.core.Context" uuid="7ec77da8-5e2c-48a9-ad5d-77a74a99d8f6">
    <priorityDirection>HighNumberLast</priorityDirection>
    <defaultBarrierBehavior type="sltp.mm.core.BarrierBehavior" uuid="a202df4c-5bf3-4622-8fe0-a0e9489727af"/>
    <defaultEventBehavior type="sltp.mm.core.EventBehavior" uuid="c2c4f412-7509-4038-b924-4e8a918667eb"/>
    <editorState type="sltp.mm.core.EditorState" uuid="c9fd0e54-4dea-40d3-af13-b37726ad0eb8">
      <isSynchronized>true</isSynchronized>
      <panelState type="sltp.mm.core.EditorPanelState" uuid="f79e9d63-aec7-492d-9533-a9fb45e5a294"/>
    </editorState>
    <rootTask type="sltp.mm.core.Task" uuid="08a2c05c-e2af-47f0-bc99-10ccab228f46">
      <context type="sltp.mm.core.Context" uuid="7ec77da8-5e2c-48a9-ad5d-77a74a99d8f6"/>
      <explicit>false</explicit>
      <name>Default</name>
      <priority>-2147483648</priority>
      <subgraph type="sltp.mm.core.Graph" uuid="b77972dc-25f4-4045-bb6e-6679be382402">
        <tasks type="sltp.mm.core.Task" uuid="1fbd37bc-2e10-476c-b73f-b6a519302666">
          <context type="sltp.mm.core.Context" uuid="7ec77da8-5e2c-48a9-ad5d-77a74a99d8f6"/>
          <explicit>false</explicit>
          <id>1</id>
          <isTimed>true</isTimed>
          <name>D1</name>
          <priority>40</priority>
          <rates type="sltp.mm.core.Rate" uuid="95ddb5e3-fe53-40f4-9a67-5c954be16b52">
            <annotation>D1</annotation>
            <color>-12240129</color>
            <hasBlocks>true</hasBlocks>
            <identifier>ClassicPeriodicDiscrete0.20</identifier>
            <rateIndex>0</rateIndex>
            <rateSpec type="sltp.mm.core.RateSpec">
              <period>.2</period>
            </rateSpec>
            <sti>0</sti>
          </rates>
        </tasks>
      </subgraph>
    </rootTask>
  </sltp.mm.core.Context>
</sltp_graph>