<?xml version="1.0" encoding="UTF-8"?>
<sltp_editor version="1.1" packageUris="http://schema.mathworks.com/mf0/DiagramEditor/R2019a_20181107 http://schema.mathworks.com/mf0/SltpSyntax/R2025a_202406271400">
  <sltp.mm.syntax.Context type="sltp.mm.syntax.Context" uuid="14254e78-ceca-44a7-895c-386d90b3c929">
    <rootGraph type="sltp.mm.syntax.Graph" uuid="9b8f4527-4457-474a-8135-e0c9c5f1fcf4">
      <children type="sltp.mm.syntax.Node" uuid="fbda9dff-2e23-4292-b9a3-b6be7220b132">
        <priority>40</priority>
        <rates type="sltp.mm.syntax.RateData">
          <color>#ff453a</color>
          <hasBlocks>true</hasBlocks>
          <rate>0.2</rate>
          <title>D1</title>
        </rates>
        <title>D1</title>
        <type>implicit-periodic</type>
        <diagramElement type="diagram.editor.model.Entity" uuid="5c2e6656-fc33-41d7-bd8d-162cb27013d2"/>
        <subgraph type="sltp.mm.syntax.Graph" uuid="beb05c08-27bc-4d89-925d-c2d0867a1520">
          <title>D1</title>
          <diagramElement type="diagram.editor.model.Diagram" uuid="ac3174c5-ad44-4b03-8e5a-528959e47699"/>
        </subgraph>
      </children>
      <title>Default</title>
      <diagramElement type="diagram.editor.model.Diagram" uuid="d78d4a82-aa05-422d-b731-dd98dc98ca7e"/>
    </rootGraph>
  </sltp.mm.syntax.Context>
  <diagram.editor.model.Diagram type="diagram.editor.model.Diagram" uuid="d78d4a82-aa05-422d-b731-dd98dc98ca7e">
    <entities type="diagram.editor.model.Entity" uuid="5c2e6656-fc33-41d7-bd8d-162cb27013d2">
      <position>0,0</position>
      <size>0,0,0,0</size>
      <syntaxElement type="sltp.mm.syntax.Node" uuid="fbda9dff-2e23-4292-b9a3-b6be7220b132"/>
      <title>D1</title>
      <type>implicit-periodic</type>
      <subDiagram type="diagram.editor.model.Diagram" uuid="ac3174c5-ad44-4b03-8e5a-528959e47699">
        <position>0,0</position>
        <syntaxElement type="sltp.mm.syntax.Graph" uuid="beb05c08-27bc-4d89-925d-c2d0867a1520"/>
        <title>D1</title>
        <type>graph.Graph</type>
      </subDiagram>
    </entities>
    <syntaxElement type="sltp.mm.syntax.Graph" uuid="9b8f4527-4457-474a-8135-e0c9c5f1fcf4"/>
    <title>Default</title>
    <type>graph.Graph</type>
  </diagram.editor.model.Diagram>
</sltp_editor>