<?xml version="1.0" encoding="utf-8"?>
<Stateflow>
  <machine id="6">
    <P Name="sfVersion">82500000</P>
    <Children>
      <target id="28" name="sfun">
        <P Name="description">Default Simulink S-Function Target.</P>
      </target>
      <chart Ref="chart_7"/>
      <chart Ref="chart_14"/>
      <chart Ref="chart_21"/>
    </Children>
  </machine>
  <instance id="13">
    <P Name="machine">6</P>
    <P Name="name">ADC_to_kg</P>
    <P Name="chart">7</P>
  </instance>
  <instance id="20">
    <P Name="machine">6</P>
    <P Name="name">ADC_to_volt</P>
    <P Name="chart">14</P>
  </instance>
  <instance id="27">
    <P Name="machine">6</P>
    <P Name="name">MATLAB Function</P>
    <P Name="chart">21</P>
  </instance>
</Stateflow>
