<?xml version="1.0" encoding="UTF-8"?>
<MF0 version="1.1" defaultPackage="coderdictionary.data" packageUris="http://schema.mathworks.com/mf0/coderdictionary_data/R2025a http://schema.mathworks.com/mf0/coderdictionary_data/R2025a/coderdictionary.data http://schema.mathworks.com/mf0/systemcomposer_services_proxy/1.2">
  <Container type="Container" uuid="68afeff4-6e65-4161-934c-3ca75e8d6771">
    <ReferencedContainers type="ReferenceContainerInfo" uuid="834c201f-1242-47ae-ba14-f4dbabff5cd1">
      <Name>SimulinkBuiltin</Name>
    </ReferencedContainers>
    <ReferencedContainers type="ReferenceContainerInfo" uuid="20dca7d1-c2c2-412b-9c85-ba8b3fb9ac3a">
      <Name>Simulink</Name>
    </ReferencedContainers>
    <CDefinitions type="C_Definitions" uuid="affcea88-11e1-44cd-9378-0affda0e8e44">
      <SoftwareComponentTemplates type="SoftwareComponentTemplate" uuid="7de4bf7c-e652-4b00-a440-18d1da1ef9f0">
        <Name>CODER_DICTIONARY</Name>
        <Constants type="DataConfiguration" uuid="0ced29be-fbdb-40bf-b288-9f5a23e22a1d">
          <category>Constants</category>
        </Constants>
        <DataTransfers type="DataConfiguration" uuid="44ab0d95-d603-4adc-94b2-fe37f0eda54e">
          <category>DataTransfers</category>
        </DataTransfers>
        <Execution type="FunctionConfiguration" uuid="872c6d32-ac5b-4876-92fd-08851271e01a"/>
        <GlobalDataStores type="DataConfiguration" uuid="d37bd63a-b021-4644-8685-69e585d52222">
          <category>GlobalDataStores</category>
        </GlobalDataStores>
        <GlobalParameters type="DataConfiguration" uuid="45565dde-1b8e-45e9-8d6f-ea076314eccc">
          <category>GlobalParameters</category>
        </GlobalParameters>
        <InitializeTerminate type="FunctionConfiguration" uuid="fe7ea38d-d573-43dd-9dff-76aec9a1681a"/>
        <Inports type="DataConfiguration" uuid="4384f504-8217-43c5-8aac-4eda15871d44">
          <category>Inports</category>
        </Inports>
        <InternalData type="DataConfiguration" uuid="7e634135-c2c9-4dbc-9454-62501cd7f925">
          <category>InternalData</category>
        </InternalData>
        <LocalParameters type="DataConfiguration" uuid="6c10fffc-b62b-447e-a28e-0c0cf5f6de4b">
          <category>LocalParameters</category>
        </LocalParameters>
        <ModelData type="DataConfiguration" uuid="0fb9d445-cb8f-4aa8-845c-b4eef0ce9d47">
          <category>ModelData</category>
        </ModelData>
        <Outports type="DataConfiguration" uuid="61be8b75-a0dd-4932-86e1-a9bd5775cca8">
          <category>Outports</category>
        </Outports>
        <ParameterArguments type="DataConfiguration" uuid="5ce17717-a5ab-437a-a8e5-a45537c61da1">
          <category>ParameterArguments</category>
        </ParameterArguments>
        <SharedLocalDataStores type="DataConfiguration" uuid="c20ac200-aec7-47f7-970a-9e5e5977238c">
          <category>SharedLocalDataStores</category>
        </SharedLocalDataStores>
        <SharedUtility type="FunctionConfiguration" uuid="ce155616-bd24-410b-8707-dcd5c07dd032"/>
      </SoftwareComponentTemplates>
      <packageChecksums type="PackageChecksum" uuid="7679042c-d048-46e1-ad2b-d2b663242e64">
        <Checksum>jujAaT/ish0mQrShkVxewhiWl3vJng9KdQyUrog19b6DBTxsSXEsHCtRAfVQKjsatggN8+VoqMbyj0a5OiNNow==</Checksum>
        <ChecksumSource>csc_registration.p</ChecksumSource>
        <PackageName>Simulink</PackageName>
      </packageChecksums>
    </CDefinitions>
  </Container>
</MF0>