{
    "GraphicalInterface":{
        "ExternalFileReferences":[
            {
                "Path":"$bdroot\/Analog to Digital Converter7",
                "Reference":"stm32f4xxblockslib\/Analog to Digital Converter",
                "SID":"37",
                "Type":"LIBRARY_BLOCK"
            }
        ],
        "PreCompExecutionDomainType":"Unset",
        "SimulinkSubDomainType":"Simulink",
        "SolverName":"FixedStepAuto",
        "TestPointedSignals":[
            {
                "Decimation":2,
                "FullBlockPath":"$bdroot\/ADC_to_kg",
                "LogSignal":true,
                "MaxPoints":5000,
                "SignalName":""
            },
            {
                "Decimation":2,
                "FullBlockPath":"$bdroot\/ADC_to_volt",
                "LogSignal":true,
                "MaxPoints":5000,
                "SignalName":""
            },
            {
                "Decimation":2,
                "FullBlockPath":"$bdroot\/Analog to Digital Converter4",
                "LogSignal":true,
                "MaxPoints":5000,
                "SignalName":""
            },
            {
                "Decimation":2,
                "FullBlockPath":"$bdroot\/Analog to Digital Converter5",
                "LogSignal":true,
                "MaxPoints":5000,
                "SignalName":""
            },
            {
                "Decimation":2,
                "FullBlockPath":"$bdroot\/Analog to Digital Converter6",
                "LogSignal":true,
                "MaxPoints":5000,
                "SignalName":""
            },
            {
                "Decimation":2,
                "FullBlockPath":"$bdroot\/Analog to Digital Converter7",
                "LogSignal":true,
                "MaxPoints":5000,
                "SignalName":""
            },
            {
                "Decimation":2,
                "FullBlockPath":"$bdroot\/MATLAB Function",
                "LogSignal":true,
                "MaxPoints":5000,
                "SignalName":""
            },
            {
                "Decimation":2,
                "FullBlockPath":"$bdroot\/Relay",
                "LogSignal":true,
                "MaxPoints":5000,
                "SignalName":""
            }
        ]
    }
}