<?xml version="1.0" encoding="UTF-8"?>
<sltp_editor version="1.1" packageUris="http://schema.mathworks.com/mf0/DiagramEditor/R2019a_20181107 http://schema.mathworks.com/mf0/SltpSyntax/R2025a_202406271400">
  <sltp.mm.syntax.Context type="sltp.mm.syntax.Context" uuid="14254e78-ceca-44a7-895c-386d90b3c929">
    <rootGraph type="sltp.mm.syntax.Graph" uuid="9b8f4527-4457-474a-8135-e0c9c5f1fcf4">
      <children type="sltp.mm.syntax.Node" uuid="800dc090-3425-4509-bb4c-ba0ecb2ada5c">
        <priority>40</priority>
        <rates type="sltp.mm.syntax.RateData">
          <color>#ff453a</color>
          <hasBlocks>true</hasBlocks>
          <rate>0.01</rate>
          <title>D1</title>
        </rates>
        <title>D1</title>
        <type>implicit-periodic</type>
        <diagramElement type="diagram.editor.model.Entity" uuid="2cfe85f7-6058-4936-8b3c-35b84ed1e873"/>
        <subgraph type="sltp.mm.syntax.Graph" uuid="2efe493b-cdc4-44b5-b7ff-9010e51a746a">
          <title>D1</title>
          <diagramElement type="diagram.editor.model.Diagram" uuid="1bf4f718-7fa8-4921-b0b5-aa5636c665e8"/>
        </subgraph>
      </children>
      <title>Default</title>
      <diagramElement type="diagram.editor.model.Diagram" uuid="d78d4a82-aa05-422d-b731-dd98dc98ca7e"/>
    </rootGraph>
  </sltp.mm.syntax.Context>
  <diagram.editor.model.Diagram type="diagram.editor.model.Diagram" uuid="d78d4a82-aa05-422d-b731-dd98dc98ca7e">
    <entities type="diagram.editor.model.Entity" uuid="2cfe85f7-6058-4936-8b3c-35b84ed1e873">
      <position>0,0</position>
      <size>0,0,0,0</size>
      <syntaxElement type="sltp.mm.syntax.Node" uuid="800dc090-3425-4509-bb4c-ba0ecb2ada5c"/>
      <title>D1</title>
      <type>implicit-periodic</type>
      <subDiagram type="diagram.editor.model.Diagram" uuid="1bf4f718-7fa8-4921-b0b5-aa5636c665e8">
        <position>0,0</position>
        <syntaxElement type="sltp.mm.syntax.Graph" uuid="2efe493b-cdc4-44b5-b7ff-9010e51a746a"/>
        <title>D1</title>
        <type>graph.Graph</type>
      </subDiagram>
    </entities>
    <syntaxElement type="sltp.mm.syntax.Graph" uuid="9b8f4527-4457-474a-8135-e0c9c5f1fcf4"/>
    <title>Default</title>
    <type>graph.Graph</type>
  </diagram.editor.model.Diagram>
</sltp_editor>