<?xml version="1.0" encoding="utf-8"?>
<System>
  <P Name="Location">[-1, -8, 1921, 1033]</P>
  <P Name="Open">on</P>
  <P Name="ZoomFactor">150</P>
  <P Name="ReportName">simulink-default.rpt</P>
  <P Name="SIDHighWatermark">19</P>
  <Block BlockType="Gain" Name="Count2Deg" SID="17">
    <P Name="Position">[650, 195, 680, 225]</P>
    <P Name="ZOrder">100000</P>
  </Block>
  <Block BlockType="Gain" Name="Count2Rad" SID="16">
    <P Name="Position">[650, 130, 680, 160]</P>
    <P Name="ZOrder">100000</P>
  </Block>
  <Block BlockType="DataTypeConversion" Name="Data Type Conversion1" SID="9">
    <P Name="Position">[370, 128, 445, 162]</P>
    <P Name="ZOrder">100000</P>
    <P Name="OutDataTypeStr">double</P>
    <P Name="RndMeth">Floor</P>
    <P Name="SaturateOnIntegerOverflow">off</P>
  </Block>
  <Block BlockType="Derivative" Name="Derivative" SID="14">
    <P Name="Position">[740, 130, 770, 160]</P>
    <P Name="ZOrder">100000</P>
  </Block>
  <Block BlockType="Derivative" Name="Derivative1" SID="15">
    <P Name="Position">[830, 130, 860, 160]</P>
    <P Name="ZOrder">100000</P>
  </Block>
  <Block BlockType="Derivative" Name="Derivative2" SID="18">
    <P Name="Position">[740, 195, 770, 225]</P>
    <P Name="ZOrder">100000</P>
  </Block>
  <Block BlockType="Derivative" Name="Derivative3" SID="19">
    <P Name="Position">[830, 195, 860, 225]</P>
    <P Name="ZOrder">100000</P>
  </Block>
  <Block BlockType="Reference" Name="TIM3_Encoder" SID="1">
    <PortCounts out="1"/>
    <P Name="Position">[215, 114, 320, 176]</P>
    <P Name="ZOrder">100000</P>
    <P Name="LibraryVersion">8.14</P>
    <P Name="SourceBlock">stm32g4xxblockslib/Encoder</P>
    <P Name="SourceType">stm32cube.blocks.EncoderBlockForG4</P>
    <InstanceData>
      <P Name="TimerModule">TIM3</P>
      <P Name="EnableResetInput">off</P>
      <P Name="OutputCountAfterFirstIndex">off</P>
      <P Name="OutputValidIndex">off</P>
      <P Name="OutputDirection">off</P>
      <P Name="OutputStatus">off</P>
      <P Name="SampleTime">-1</P>
    </InstanceData>
    <PortProperties>
      <Port Type="out" Index="1">
        <P Name="DataLogging">on</P>
      </Port>
    </PortProperties>
  </Block>
  <Block BlockType="SubSystem" Name="WrapAround" SID="11">
    <PortCounts in="1" out="1"/>
    <P Name="Position">[495, 122, 565, 168]</P>
    <P Name="ZOrder">100000</P>
    <P Name="LibrarySourceProduct" Ref="bdmxdata:LibrarySourceProduct_11"/>
    <P Name="ErrorFcn">Stateflow.Translate.translate</P>
    <P Name="PermitHierarchicalResolution">ExplicitOnly</P>
    <P Name="TreatAsAtomicUnit">on</P>
    <P Name="SFBlockType">MATLAB Function</P>
    <P Name="ContentPreviewEnabled">on</P>
    <System Ref="system_11"/>
  </Block>
  <Line>
    <P Name="ZOrder">8</P>
    <P Name="Src">1#out:1</P>
    <P Name="Dst">9#in:1</P>
  </Line>
  <Line>
    <P Name="ZOrder">9</P>
    <P Name="Src">9#out:1</P>
    <P Name="Dst">11#in:1</P>
  </Line>
  <Line>
    <P Name="ZOrder">13</P>
    <P Name="Src">14#out:1</P>
    <P Name="Dst">15#in:1</P>
  </Line>
  <Line>
    <P Name="ZOrder">21</P>
    <P Name="Src">11#out:1</P>
    <P Name="Points">[49, 0]</P>
    <Branch>
      <P Name="ZOrder">23</P>
      <P Name="Dst">16#in:1</P>
    </Branch>
    <Branch>
      <P Name="ZOrder">17</P>
      <P Name="Points">[0, 65]</P>
      <P Name="Dst">17#in:1</P>
    </Branch>
  </Line>
  <Line>
    <P Name="ZOrder">15</P>
    <P Name="Src">16#out:1</P>
    <P Name="Dst">14#in:1</P>
  </Line>
  <Line>
    <P Name="ZOrder">20</P>
    <P Name="Src">17#out:1</P>
    <P Name="Dst">18#in:1</P>
  </Line>
  <Line>
    <P Name="ZOrder">19</P>
    <P Name="Src">18#out:1</P>
    <P Name="Dst">19#in:1</P>
  </Line>
</System>
