{
    "GraphicalInterface":{
        "ExternalFileReferences":[
            {
                "Path":"$bdroot\/TIM3_Encoder",
                "Reference":"stm32g4xxblockslib\/Encoder",
                "SID":"1",
                "Type":"LIBRARY_BLOCK"
            }
        ],
        "PreCompExecutionDomainType":"Unset",
        "SimulinkSubDomainType":"Simulink",
        "SolverName":"FixedStepAuto",
        "TestPointedSignals":[
            {
                "Decimation":2,
                "FullBlockPath":"$bdroot\/Derivative",
                "LogSignal":true,
                "MaxPoints":5000,
                "SignalName":""
            },
            {
                "Decimation":2,
                "FullBlockPath":"$bdroot\/Derivative1",
                "LogSignal":true,
                "MaxPoints":5000,
                "SignalName":""
            },
            {
                "Decimation":2,
                "FullBlockPath":"$bdroot\/Derivative2",
                "LogSignal":true,
                "MaxPoints":5000,
                "SignalName":""
            },
            {
                "Decimation":2,
                "FullBlockPath":"$bdroot\/Derivative3",
                "LogSignal":true,
                "MaxPoints":5000,
                "SignalName":""
            },
            {
                "Decimation":2,
                "FullBlockPath":"$bdroot\/TIM3_Encoder",
                "LogSignal":true,
                "MaxPoints":5000,
                "SignalName":""
            }
        ]
    }
}